Taxa	Isolate_Id	strain	date	Location	country	clade
EPI_ISL_1647058|B/Antofagasta/4493/2020|2020-01-06	EPI_ISL_1647058	EPI_ISL_1647058|B/Antofagasta/4493/2020|2020-01-06	2020-01-06	South America / Chile	Chile	172Q
EPI_ISL_177633|B/SAPPORO/2/2015|2015-02-16	EPI_ISL_177633	EPI_ISL_177633|B/SAPPORO/2/2015|2015-02-16	2015-02-16	Asia / Japan	Japan	172Q
EPI_ISL_179161|B/HYOGO/3210/2015|2015-02-18	EPI_ISL_179161	EPI_ISL_179161|B/HYOGO/3210/2015|2015-02-18	2015-02-18	Asia / Japan	Japan	172Q
EPI_ISL_180323|B/California/12/2015|2015-02-04	EPI_ISL_180323	EPI_ISL_180323|B/California/12/2015|2015-02-04	2015-02-04	North America / United States / California	United States	172Q
EPI_ISL_205299|B/Arizona/10/2015|2015-11-02	EPI_ISL_205299	EPI_ISL_205299|B/Arizona/10/2015|2015-11-02	2015-11-02	North America / United States / Arizona	United States	172Q
EPI_ISL_223018|B/Texas/81/2016|2016-04-19	EPI_ISL_223018	EPI_ISL_223018|B/Texas/81/2016|2016-04-19	2016-04-19	North America / United States / Texas	United States	172Q
EPI_ISL_2246162|B/Minnesota/35/2019|2019-12-16	EPI_ISL_2246162	EPI_ISL_2246162|B/Minnesota/35/2019|2019-12-16	2019-12-16	North America / United States / Minnesota	United States	172Q
EPI_ISL_2246163|B/Minnesota/34/2019|2019-12-03	EPI_ISL_2246163	EPI_ISL_2246163|B/Minnesota/34/2019|2019-12-03	2019-12-03	North America / United States / Minnesota	United States	172Q
EPI_ISL_2246189|B/Minnesota/37/2019|2019-12-30	EPI_ISL_2246189	EPI_ISL_2246189|B/Minnesota/37/2019|2019-12-30	2019-12-30	North America / United States / Minnesota	United States	172Q
EPI_ISL_2258057|B/Wisconsin/18/2020|2020-01-05	EPI_ISL_2258057	EPI_ISL_2258057|B/Wisconsin/18/2020|2020-01-05	2020-01-05	North America / United States / Wisconsin	United States	172Q
EPI_ISL_2259768|B/Wisconsin/200/2020|2020-02-01	EPI_ISL_2259768	EPI_ISL_2259768|B/Wisconsin/200/2020|2020-02-01	2020-02-01	North America / United States / Wisconsin	United States	172Q
EPI_ISL_227605|B/Sydney/10/2016|2016-02-14	EPI_ISL_227605	EPI_ISL_227605|B/Sydney/10/2016|2016-02-14	2016-02-14	Oceania / Australia / New South  Wales	Australia	172Q
EPI_ISL_2308163|B/Wisconsin/245/2020|2020-02-05	EPI_ISL_2308163	EPI_ISL_2308163|B/Wisconsin/245/2020|2020-02-05	2020-02-05	North America / United States / Wisconsin	United States	172Q
EPI_ISL_259045|B/KANAGAWA/IC1649/2017|2017-03-22	EPI_ISL_259045	EPI_ISL_259045|B/KANAGAWA/IC1649/2017|2017-03-22	2017-03-22	Asia / Japan	Japan	172Q
EPI_ISL_282255|B/Canterbury/5/2017|2017-04-13	EPI_ISL_282255	EPI_ISL_282255|B/Canterbury/5/2017|2017-04-13	2017-04-13	Oceania / New Zealand / Canterbury	New Zealand	172Q
EPI_ISL_282266|B/Perth/4/2017|2017-04-24	EPI_ISL_282266	EPI_ISL_282266|B/Perth/4/2017|2017-04-24	2017-04-24	Oceania / Australia / Western Australia / Doubleview	Australia	172Q
EPI_ISL_282330|B/Wellington/40/2017|2017-07-11	EPI_ISL_282330	EPI_ISL_282330|B/Wellington/40/2017|2017-07-11	2017-07-11	Oceania / New Zealand / Auckland / Auckland	New Zealand	172Q
EPI_ISL_287040|B/Mauritius/1791/2017|2017-09-20	EPI_ISL_287040	EPI_ISL_287040|B/Mauritius/1791/2017|2017-09-20	2017-09-20	Africa / Mauritius	Mauritius	172Q
EPI_ISL_358605|B/Darwin/58/2019|2019-05-07	EPI_ISL_358605	EPI_ISL_358605|B/Darwin/58/2019|2019-05-07	2019-05-07	Oceania / Australia / Northern Territory	Australia	172Q
EPI_ISL_364648|B/YOKOHAMA/9/2019|2019-05-02	EPI_ISL_364648	EPI_ISL_364648|B/YOKOHAMA/9/2019|2019-05-02	2019-05-02	Asia / Japan	Japan	172Q
EPI_ISL_365701|B/Wisconsin/29/2019|2019-06-26	EPI_ISL_365701	EPI_ISL_365701|B/Wisconsin/29/2019|2019-06-26	2019-06-26	North America / United States / Wisconsin	United States	172Q
EPI_ISL_368233|B/Hawaii/27/2019|2019-06-13	EPI_ISL_368233	EPI_ISL_368233|B/Hawaii/27/2019|2019-06-13	2019-06-13	North America / United States / Hawaii	United States	172Q
EPI_ISL_377016|B/Yunnan-Linxiang/1550/2019|2019-06-24	EPI_ISL_377016	EPI_ISL_377016|B/Yunnan-Linxiang/1550/2019|2019-06-24	2019-06-24	Asia / China / Yunnan	China	172Q
EPI_ISL_377017|B/Guangxi-Xiangshan/11016/2019|2019-06-17	EPI_ISL_377017	EPI_ISL_377017|B/Guangxi-Xiangshan/11016/2019|2019-06-17	2019-06-17	Asia / China / Guangxi	China	172Q
EPI_ISL_377543|B/Jamaica/4699/2019|2019-06-14	EPI_ISL_377543	EPI_ISL_377543|B/Jamaica/4699/2019|2019-06-14	2019-06-14	North America / Jamaica	Jamaica	172Q
EPI_ISL_377605|B/Hawaii/31/2019|2019-07-13	EPI_ISL_377605	EPI_ISL_377605|B/Hawaii/31/2019|2019-07-13	2019-07-13	North America / United States / Hawaii	United States	172Q
EPI_ISL_386987|B/Santiago/59290/2019|2019-06-26	EPI_ISL_386987	EPI_ISL_386987|B/Santiago/59290/2019|2019-06-26	2019-06-26	South America / Chile / Region Metropolitana de Santiago	Chile	172Q
EPI_ISL_386988|B/Santiago/59699/2019|2019-06-28	EPI_ISL_386988	EPI_ISL_386988|B/Santiago/59699/2019|2019-06-28	2019-06-28	South America / Chile / Region Metropolitana de Santiago	Chile	172Q
EPI_ISL_386989|B/Santiago/62355/2019|2019-07-08	EPI_ISL_386989	EPI_ISL_386989|B/Santiago/62355/2019|2019-07-08	2019-07-08	South America / Chile / Region Metropolitana de Santiago	Chile	172Q
EPI_ISL_386990|B/Santiago/63228/2019|2019-07-03	EPI_ISL_386990	EPI_ISL_386990|B/Santiago/63228/2019|2019-07-03	2019-07-03	South America / Chile / Region Metropolitana de Santiago	Chile	172Q
EPI_ISL_386991|B/Santiago/63242/2019|2019-07-04	EPI_ISL_386991	EPI_ISL_386991|B/Santiago/63242/2019|2019-07-04	2019-07-04	South America / Chile / Region Metropolitana de Santiago	Chile	172Q
EPI_ISL_386992|B/Santiago/64092/2019|2019-07-10	EPI_ISL_386992	EPI_ISL_386992|B/Santiago/64092/2019|2019-07-10	2019-07-10	South America / Chile / Region Metropolitana de Santiago	Chile	172Q
EPI_ISL_386993|B/Santiago/64093/2019|2019-07-10	EPI_ISL_386993	EPI_ISL_386993|B/Santiago/64093/2019|2019-07-10	2019-07-10	South America / Chile / Region Metropolitana de Santiago	Chile	172Q
EPI_ISL_386994|B/Santiago/64801/2019|2019-07-12	EPI_ISL_386994	EPI_ISL_386994|B/Santiago/64801/2019|2019-07-12	2019-07-12	South America / Chile / Region Metropolitana de Santiago	Chile	172Q
EPI_ISL_386995|B/Santiago/64835/2019|2019-07-13	EPI_ISL_386995	EPI_ISL_386995|B/Santiago/64835/2019|2019-07-13	2019-07-13	South America / Chile / Region Metropolitana de Santiago	Chile	172Q
EPI_ISL_386996|B/Santiago/64837/2019|2019-07-14	EPI_ISL_386996	EPI_ISL_386996|B/Santiago/64837/2019|2019-07-14	2019-07-14	South America / Chile / Region Metropolitana de Santiago	Chile	172Q
EPI_ISL_386997|B/Santiago/64839/2019|2019-07-14	EPI_ISL_386997	EPI_ISL_386997|B/Santiago/64839/2019|2019-07-14	2019-07-14	South America / Chile / Region Metropolitana de Santiago	Chile	172Q
EPI_ISL_386998|B/Santiago/64840/2019|2019-07-14	EPI_ISL_386998	EPI_ISL_386998|B/Santiago/64840/2019|2019-07-14	2019-07-14	South America / Chile / Region Metropolitana de Santiago	Chile	172Q
EPI_ISL_386999|B/Santiago/65302/2019|2019-07-15	EPI_ISL_386999	EPI_ISL_386999|B/Santiago/65302/2019|2019-07-15	2019-07-15	South America / Chile / Region Metropolitana de Santiago	Chile	172Q
EPI_ISL_389989|B/Santiago/61617/2019|2019-07-08	EPI_ISL_389989	EPI_ISL_389989|B/Santiago/61617/2019|2019-07-08	2019-07-08	South America / Chile	Chile	172Q
EPI_ISL_390792|B/Victoria/33/2019|2019-08-19	EPI_ISL_390792	EPI_ISL_390792|B/Victoria/33/2019|2019-08-19	2019-08-19	Oceania / Australia / Victoria / Carlton	Australia	172Q
EPI_ISL_390796|B/Tasmania/503/2019|2019-07-17	EPI_ISL_390796	EPI_ISL_390796|B/Tasmania/503/2019|2019-07-17	2019-07-17	Oceania / Australia / Tasmania / Nietta	Australia	172Q
EPI_ISL_393560|B/Hawaii/9848/2019|2019-07-11	EPI_ISL_393560	EPI_ISL_393560|B/Hawaii/9848/2019|2019-07-11	2019-07-11	North America / United States / Hawaii	United States	172Q
EPI_ISL_393655|B/Peru/28819/2019|2019-06-15	EPI_ISL_393655	EPI_ISL_393655|B/Peru/28819/2019|2019-06-15	2019-06-15	South America / Peru	Peru	172Q
EPI_ISL_393672|B/Peru/48119/2019|2019-06-29	EPI_ISL_393672	EPI_ISL_393672|B/Peru/48119/2019|2019-06-29	2019-06-29	South America / Peru	Peru	172Q
EPI_ISL_393811|B/Mexico/2331/2019|2019-06-21	EPI_ISL_393811	EPI_ISL_393811|B/Mexico/2331/2019|2019-06-21	2019-06-21	North America / Mexico	Mexico	172Q
EPI_ISL_393812|B/Mexico/2215/2019|2019-06-12	EPI_ISL_393812	EPI_ISL_393812|B/Mexico/2215/2019|2019-06-12	2019-06-12	North America / Mexico	Mexico	172Q
EPI_ISL_393814|B/Mexico/2269/2019|2019-06-13	EPI_ISL_393814	EPI_ISL_393814|B/Mexico/2269/2019|2019-06-13	2019-06-13	North America / Mexico	Mexico	172Q
EPI_ISL_395501|B/Massachusetts/15/2019|2019-09-19	EPI_ISL_395501	EPI_ISL_395501|B/Massachusetts/15/2019|2019-09-19	2019-09-19	North America / United States / Massachusetts	United States	172Q
EPI_ISL_397056|B/Alaska/11/2019|2019-09-19	EPI_ISL_397056	EPI_ISL_397056|B/Alaska/11/2019|2019-09-19	2019-09-19	North America / United States / Alaska	United States	172Q
EPI_ISL_397068|B/Mexico/2332/2019|2019-06-24	EPI_ISL_397068	EPI_ISL_397068|B/Mexico/2332/2019|2019-06-24	2019-06-24	North America / Mexico	Mexico	172Q
EPI_ISL_397147|B/Massachusetts/17/2019|2019-10-11	EPI_ISL_397147	EPI_ISL_397147|B/Massachusetts/17/2019|2019-10-11	2019-10-11	North America / United States / Massachusetts	United States	172Q
EPI_ISL_397152|B/Nicaragua/1307/2019|2019-09-16	EPI_ISL_397152	EPI_ISL_397152|B/Nicaragua/1307/2019|2019-09-16	2019-09-16	North America / Nicaragua	Nicaragua	172Q
EPI_ISL_397154|B/Nicaragua/1086/2019|2019-08-19	EPI_ISL_397154	EPI_ISL_397154|B/Nicaragua/1086/2019|2019-08-19	2019-08-19	North America / Nicaragua	Nicaragua	172Q
EPI_ISL_397155|B/Nicaragua/1257/2019|2019-09-08	EPI_ISL_397155	EPI_ISL_397155|B/Nicaragua/1257/2019|2019-09-08	2019-09-08	North America / Nicaragua	Nicaragua	172Q
EPI_ISL_398183|B/Bretagne/2404/2019|2019-11-04	EPI_ISL_398183	EPI_ISL_398183|B/Bretagne/2404/2019|2019-11-04	2019-11-04	Europe / France / Bretagne	France	172Q
EPI_ISL_398467|B/Nicaragua/1286/2019|2019-09-11	EPI_ISL_398467	EPI_ISL_398467|B/Nicaragua/1286/2019|2019-09-11	2019-09-11	North America / Nicaragua	Nicaragua	172Q
EPI_ISL_398469|B/Nicaragua/1259/2019|2019-09-09	EPI_ISL_398469	EPI_ISL_398469|B/Nicaragua/1259/2019|2019-09-09	2019-09-09	North America / Nicaragua	Nicaragua	172Q
EPI_ISL_398484|B/California/51/2019|2019-10-30	EPI_ISL_398484	EPI_ISL_398484|B/California/51/2019|2019-10-30	2019-10-30	North America / United States / California	United States	172Q
EPI_ISL_398490|B/Nicaragua/1186/2019|2019-09-03	EPI_ISL_398490	EPI_ISL_398490|B/Nicaragua/1186/2019|2019-09-03	2019-09-03	North America / Nicaragua	Nicaragua	172Q
EPI_ISL_398494|B/California/47/2019|2019-10-24	EPI_ISL_398494	EPI_ISL_398494|B/California/47/2019|2019-10-24	2019-10-24	North America / United States / California	United States	172Q
EPI_ISL_398504|B/Arizona/23/2019|2019-10-24	EPI_ISL_398504	EPI_ISL_398504|B/Arizona/23/2019|2019-10-24	2019-10-24	North America / United States / Arizona	United States	172Q
EPI_ISL_398507|B/Wisconsin/33/2019|2019-10-30	EPI_ISL_398507	EPI_ISL_398507|B/Wisconsin/33/2019|2019-10-30	2019-10-30	North America / United States / Wisconsin	United States	172Q
EPI_ISL_398509|B/Wisconsin/34/2019|2019-10-31	EPI_ISL_398509	EPI_ISL_398509|B/Wisconsin/34/2019|2019-10-31	2019-10-31	North America / United States / Wisconsin	United States	172Q
EPI_ISL_398524|B/Iowa/27/2019|2019-11-06	EPI_ISL_398524	EPI_ISL_398524|B/Iowa/27/2019|2019-11-06	2019-11-06	North America / United States / Iowa	United States	172Q
EPI_ISL_398528|B/Nicaragua/1360/2019|2019-09-25	EPI_ISL_398528	EPI_ISL_398528|B/Nicaragua/1360/2019|2019-09-25	2019-09-25	North America / Nicaragua	Nicaragua	172Q
EPI_ISL_398644|B/Singapore/TT0505/2019|2019-06-27	EPI_ISL_398644	EPI_ISL_398644|B/Singapore/TT0505/2019|2019-06-27	2019-06-27	Asia / Singapore	Singapore	172Q
EPI_ISL_398648|B/Singapore/NTF0044/2019|2019-06-20	EPI_ISL_398648	EPI_ISL_398648|B/Singapore/NTF0044/2019|2019-06-20	2019-06-20	Asia / Singapore	Singapore	172Q
EPI_ISL_398656|B/Singapore/KK1286/2019|2019-06-18	EPI_ISL_398656	EPI_ISL_398656|B/Singapore/KK1286/2019|2019-06-18	2019-06-18	Asia / Singapore	Singapore	172Q
EPI_ISL_398908|B/Nicaragua/1371/2019|2019-09-19	EPI_ISL_398908	EPI_ISL_398908|B/Nicaragua/1371/2019|2019-09-19	2019-09-19	North America / Nicaragua	Nicaragua	172Q
EPI_ISL_400185|B/Wisconsin/36/2019|2019-11-09	EPI_ISL_400185	EPI_ISL_400185|B/Wisconsin/36/2019|2019-11-09	2019-11-09	North America / United States / Wisconsin	United States	172Q
EPI_ISL_400240|B/Maryland/25/2019|2019-11-08	EPI_ISL_400240	EPI_ISL_400240|B/Maryland/25/2019|2019-11-08	2019-11-08	North America / United States / Maryland	United States	172Q
EPI_ISL_400345|B/Paris/2569/2019|2019-11-26	EPI_ISL_400345	EPI_ISL_400345|B/Paris/2569/2019|2019-11-26	2019-11-26	Europe / France / Ile de France	France	172Q
EPI_ISL_400753|B/Denmark/13/2019|2019-10-24	EPI_ISL_400753	EPI_ISL_400753|B/Denmark/13/2019|2019-10-24	2019-10-24	Europe / Denmark	Denmark	172Q
EPI_ISL_401027|B/Idaho/15/2019|2019-11-21	EPI_ISL_401027	EPI_ISL_401027|B/Idaho/15/2019|2019-11-21	2019-11-21	North America / United States / Idaho	United States	172Q
EPI_ISL_401032|B/California/70/2019|2019-11-27	EPI_ISL_401032	EPI_ISL_401032|B/California/70/2019|2019-11-27	2019-11-27	North America / United States / California	United States	172Q
EPI_ISL_401055|B/Peru/6619/2019|2019-10-11	EPI_ISL_401055	EPI_ISL_401055|B/Peru/6619/2019|2019-10-11	2019-10-11	South America / Peru	Peru	172Q
EPI_ISL_401058|B/Peru/2419/2019|2019-09-30	EPI_ISL_401058	EPI_ISL_401058|B/Peru/2419/2019|2019-09-30	2019-09-30	South America / Peru	Peru	172Q
EPI_ISL_401059|B/Peru/9419/2019|2019-09-11	EPI_ISL_401059	EPI_ISL_401059|B/Peru/9419/2019|2019-09-11	2019-09-11	South America / Peru	Peru	172Q
EPI_ISL_401060|B/Peru/9319/2019|2019-09-12	EPI_ISL_401060	EPI_ISL_401060|B/Peru/9319/2019|2019-09-12	2019-09-12	South America / Peru	Peru	172Q
EPI_ISL_401062|B/Peru/6219/2019|2019-09-05	EPI_ISL_401062	EPI_ISL_401062|B/Peru/6219/2019|2019-09-05	2019-09-05	South America / Peru	Peru	172Q
EPI_ISL_401066|B/Peru/8919/2019|2019-10-10	EPI_ISL_401066	EPI_ISL_401066|B/Peru/8919/2019|2019-10-10	2019-10-10	South America / Peru	Peru	172Q
EPI_ISL_401068|B/Peru/2219/2019|2019-08-24	EPI_ISL_401068	EPI_ISL_401068|B/Peru/2219/2019|2019-08-24	2019-08-24	South America / Peru	Peru	172Q
EPI_ISL_401085|B/California/79/2019|2019-12-05	EPI_ISL_401085	EPI_ISL_401085|B/California/79/2019|2019-12-05	2019-12-05	North America / United States / California	United States	172Q
EPI_ISL_401086|B/California/77/2019|2019-12-04	EPI_ISL_401086	EPI_ISL_401086|B/California/77/2019|2019-12-04	2019-12-04	North America / United States / California	United States	172Q
EPI_ISL_401114|B/Minnesota/22/2019|2019-11-15	EPI_ISL_401114	EPI_ISL_401114|B/Minnesota/22/2019|2019-11-15	2019-11-15	North America / United States / Minnesota	United States	172Q
EPI_ISL_401239|B/Jamaica/10557/2019|2019-10-31	EPI_ISL_401239	EPI_ISL_401239|B/Jamaica/10557/2019|2019-10-31	2019-10-31	North America / Jamaica	Jamaica	172Q
EPI_ISL_401314|B/Wisconsin/39/2019|2019-11-22	EPI_ISL_401314	EPI_ISL_401314|B/Wisconsin/39/2019|2019-11-22	2019-11-22	North America / United States / Wisconsin	United States	172Q
EPI_ISL_401315|B/Wisconsin/41/2019|2019-11-24	EPI_ISL_401315	EPI_ISL_401315|B/Wisconsin/41/2019|2019-11-24	2019-11-24	North America / United States / Wisconsin	United States	172Q
EPI_ISL_401933|B/Malaysia/RP2125/2019|2019-06-13	EPI_ISL_401933	EPI_ISL_401933|B/Malaysia/RP2125/2019|2019-06-13	2019-06-13	Asia / Malaysia	Malaysia	172Q
EPI_ISL_402617|B/Nebraska/11/2019|2019-12-16	EPI_ISL_402617	EPI_ISL_402617|B/Nebraska/11/2019|2019-12-16	2019-12-16	North America / United States / Nebraska	United States	172Q
EPI_ISL_402657|B/Washington/25/2019|2019-11-04	EPI_ISL_402657	EPI_ISL_402657|B/Washington/25/2019|2019-11-04	2019-11-04	North America / United States / Washington	United States	172Q
EPI_ISL_402661|B/Arizona/34/2019|2019-12-08	EPI_ISL_402661	EPI_ISL_402661|B/Arizona/34/2019|2019-12-08	2019-12-08	North America / United States / Arizona	United States	172Q
EPI_ISL_402684|B/Peru/101911619/2019|2019-10-06	EPI_ISL_402684	EPI_ISL_402684|B/Peru/101911619/2019|2019-10-06	2019-10-06	South America / Peru	Peru	172Q
EPI_ISL_402691|B/Wisconsin/43/2019|2019-11-29	EPI_ISL_402691	EPI_ISL_402691|B/Wisconsin/43/2019|2019-11-29	2019-11-29	North America / United States / Wisconsin	United States	172Q
EPI_ISL_402692|B/Wisconsin/45/2019|2019-12-02	EPI_ISL_402692	EPI_ISL_402692|B/Wisconsin/45/2019|2019-12-02	2019-12-02	North America / United States / Wisconsin	United States	172Q
EPI_ISL_402698|B/Minnesota/25/2019|2019-12-03	EPI_ISL_402698	EPI_ISL_402698|B/Minnesota/25/2019|2019-12-03	2019-12-03	North America / United States / Minnesota	United States	172Q
EPI_ISL_402700|B/Minnesota/27/2019|2019-12-06	EPI_ISL_402700	EPI_ISL_402700|B/Minnesota/27/2019|2019-12-06	2019-12-06	North America / United States / Minnesota	United States	172Q
EPI_ISL_402709|B/Iowa/33/2019|2019-12-09	EPI_ISL_402709	EPI_ISL_402709|B/Iowa/33/2019|2019-12-09	2019-12-09	North America / United States / Iowa	United States	172Q
EPI_ISL_402959|B/Idaho/19/2019|2019-11-30	EPI_ISL_402959	EPI_ISL_402959|B/Idaho/19/2019|2019-11-30	2019-11-30	North America / United States / Idaho	United States	172Q
EPI_ISL_402972|B/Brasilia/15489828-IAL/2019|2019	EPI_ISL_402972	EPI_ISL_402972|B/Brasilia/15489828-IAL/2019|2019	2019	South America / Brazil	Brazil	172Q
EPI_ISL_402999|B/Lyon/2087/2019|2019-11-25	EPI_ISL_402999	EPI_ISL_402999|B/Lyon/2087/2019|2019-11-25	2019-11-25	Europe / France	France	172Q
EPI_ISL_403043|B/Virginia/26/2019|2019-12-02	EPI_ISL_403043	EPI_ISL_403043|B/Virginia/26/2019|2019-12-02	2019-12-02	North America / United States / Virginia	United States	172Q
EPI_ISL_403050|B/Florida/78/2019|2019-12-10	EPI_ISL_403050	EPI_ISL_403050|B/Florida/78/2019|2019-12-10	2019-12-10	North America / United States / Florida	United States	172Q
EPI_ISL_403128|B/Nevada/9922/2019|2019-11-01	EPI_ISL_403128	EPI_ISL_403128|B/Nevada/9922/2019|2019-11-01	2019-11-01	North America / United States / Nevada	United States	172Q
EPI_ISL_403499|B/Santiago/63244/2019|2019-07-04	EPI_ISL_403499	EPI_ISL_403499|B/Santiago/63244/2019|2019-07-04	2019-07-04	South America / Chile / Region Metropolitana de Santiago	Chile	172Q
EPI_ISL_403569|B/Santiago/70245/2019|2019-08-04	EPI_ISL_403569	EPI_ISL_403569|B/Santiago/70245/2019|2019-08-04	2019-08-04	South America / Chile / Region Metropolitana de Santiago	Chile	172Q
EPI_ISL_403570|B/Santiago/71742/2019|2019-08-07	EPI_ISL_403570	EPI_ISL_403570|B/Santiago/71742/2019|2019-08-07	2019-08-07	South America / Chile / Region Metropolitana de Santiago	Chile	172Q
EPI_ISL_403571|B/Puerto_Montt/71795/2019|2019-08-06	EPI_ISL_403571	EPI_ISL_403571|B/Puerto_Montt/71795/2019|2019-08-06	2019-08-06	South America / Chile / Puerto_Montt	Chile	172Q
EPI_ISL_403572|B/Santiago/72131/2019|2019-08-06	EPI_ISL_403572	EPI_ISL_403572|B/Santiago/72131/2019|2019-08-06	2019-08-06	South America / Chile / Region Metropolitana de Santiago	Chile	172Q
EPI_ISL_403573|B/Santiago/72648/2019|2019-08-09	EPI_ISL_403573	EPI_ISL_403573|B/Santiago/72648/2019|2019-08-09	2019-08-09	South America / Chile / Region Metropolitana de Santiago	Chile	172Q
EPI_ISL_403574|B/Santiago/75471/2019|2019-08-21	EPI_ISL_403574	EPI_ISL_403574|B/Santiago/75471/2019|2019-08-21	2019-08-21	South America / Chile / Region Metropolitana de Santiago	Chile	172Q
EPI_ISL_403575|B/Santiago/75473/2019|2019-08-21	EPI_ISL_403575	EPI_ISL_403575|B/Santiago/75473/2019|2019-08-21	2019-08-21	South America / Chile / Region Metropolitana de Santiago	Chile	172Q
EPI_ISL_403576|B/Santiago/75502/2019|2019-08-16	EPI_ISL_403576	EPI_ISL_403576|B/Santiago/75502/2019|2019-08-16	2019-08-16	South America / Chile / Region Metropolitana de Santiago	Chile	172Q
EPI_ISL_403577|B/Santiago/75504/2019|2019-08-15	EPI_ISL_403577	EPI_ISL_403577|B/Santiago/75504/2019|2019-08-15	2019-08-15	South America / Chile / Region Metropolitana de Santiago	Chile	172Q
EPI_ISL_403578|B/Santiago/75552/2019|2019-08-19	EPI_ISL_403578	EPI_ISL_403578|B/Santiago/75552/2019|2019-08-19	2019-08-19	South America / Chile / Region Metropolitana de Santiago	Chile	172Q
EPI_ISL_403579|B/Santiago/76013/2019|2019-08-22	EPI_ISL_403579	EPI_ISL_403579|B/Santiago/76013/2019|2019-08-22	2019-08-22	South America / Chile / Region Metropolitana de Santiago	Chile	172Q
EPI_ISL_403580|B/Santiago/76212/2019|2019-08-23	EPI_ISL_403580	EPI_ISL_403580|B/Santiago/76212/2019|2019-08-23	2019-08-23	South America / Chile / Region Metropolitana de Santiago	Chile	172Q
EPI_ISL_403581|B/Concepcion/76624/2019|2019-08-09	EPI_ISL_403581	EPI_ISL_403581|B/Concepcion/76624/2019|2019-08-09	2019-08-09	South America / Chile / Concepcion	Chile	172Q
EPI_ISL_403582|B/Concepcion/76648/2019|2019-08-08	EPI_ISL_403582	EPI_ISL_403582|B/Concepcion/76648/2019|2019-08-08	2019-08-08	South America / Chile / Concepcion	Chile	172Q
EPI_ISL_403583|B/Puerto_Montt/76887/2019|2019-08-13	EPI_ISL_403583	EPI_ISL_403583|B/Puerto_Montt/76887/2019|2019-08-13	2019-08-13	South America / Chile / Puerto_Montt	Chile	172Q
EPI_ISL_403584|B/Concepcion/78021/2019|2019-08-16	EPI_ISL_403584	EPI_ISL_403584|B/Concepcion/78021/2019|2019-08-16	2019-08-16	South America / Chile / Concepcion	Chile	172Q
EPI_ISL_403585|B/Concepcion/78048/2019|2019-08-12	EPI_ISL_403585	EPI_ISL_403585|B/Concepcion/78048/2019|2019-08-12	2019-08-12	South America / Chile / Concepcion	Chile	172Q
EPI_ISL_403586|B/Santiago/78162/2019|2019-08-28	EPI_ISL_403586	EPI_ISL_403586|B/Santiago/78162/2019|2019-08-28	2019-08-28	South America / Chile / Region Metropolitana de Santiago	Chile	172Q
EPI_ISL_403587|B/Concepcion/78576/2019|2019-08-18	EPI_ISL_403587	EPI_ISL_403587|B/Concepcion/78576/2019|2019-08-18	2019-08-18	South America / Chile / Concepcion	Chile	172Q
EPI_ISL_403588|B/Santiago/78714/2019|2019-08-31	EPI_ISL_403588	EPI_ISL_403588|B/Santiago/78714/2019|2019-08-31	2019-08-31	South America / Chile / Region Metropolitana de Santiago	Chile	172Q
EPI_ISL_403589|B/Santiago/78715/2019|2019-08-31	EPI_ISL_403589	EPI_ISL_403589|B/Santiago/78715/2019|2019-08-31	2019-08-31	South America / Chile / Region Metropolitana de Santiago	Chile	172Q
EPI_ISL_403590|B/Santiago/78716/2019|2019-09-01	EPI_ISL_403590	EPI_ISL_403590|B/Santiago/78716/2019|2019-09-01	2019-09-01	South America / Chile / Region Metropolitana de Santiago	Chile	172Q
EPI_ISL_403591|B/Santiago/78717/2019|2019-08-31	EPI_ISL_403591	EPI_ISL_403591|B/Santiago/78717/2019|2019-08-31	2019-08-31	South America / Chile / Region Metropolitana de Santiago	Chile	172Q
EPI_ISL_403592|B/Santiago/78736/2019|2019-08-30	EPI_ISL_403592	EPI_ISL_403592|B/Santiago/78736/2019|2019-08-30	2019-08-30	South America / Chile / Region Metropolitana de Santiago	Chile	172Q
EPI_ISL_403593|B/Vina_Del_Mar/79887/2019|2019-08-24	EPI_ISL_403593	EPI_ISL_403593|B/Vina_Del_Mar/79887/2019|2019-08-24	2019-08-24	South America / Chile / Vina_Del_Mar	Chile	172Q
EPI_ISL_403594|B/Iquique/80136/2019|2019-08-13	EPI_ISL_403594	EPI_ISL_403594|B/Iquique/80136/2019|2019-08-13	2019-08-13	South America / Chile / Iquique	Chile	172Q
EPI_ISL_403595|B/Iquique/80177/2019|2019-08-19	EPI_ISL_403595	EPI_ISL_403595|B/Iquique/80177/2019|2019-08-19	2019-08-19	South America / Chile / Iquique	Chile	172Q
EPI_ISL_403596|B/Iquique/80181/2019|2019-08-14	EPI_ISL_403596	EPI_ISL_403596|B/Iquique/80181/2019|2019-08-14	2019-08-14	South America / Chile / Iquique	Chile	172Q
EPI_ISL_403597|B/Iquique/80183/2019|2019-08-14	EPI_ISL_403597	EPI_ISL_403597|B/Iquique/80183/2019|2019-08-14	2019-08-14	South America / Chile / Iquique	Chile	172Q
EPI_ISL_403598|B/Santiago/80261/2019|2019-09-02	EPI_ISL_403598	EPI_ISL_403598|B/Santiago/80261/2019|2019-09-02	2019-09-02	South America / Chile / Region Metropolitana de Santiago	Chile	172Q
EPI_ISL_403599|B/Santiago/80589/2019|2019-09-05	EPI_ISL_403599	EPI_ISL_403599|B/Santiago/80589/2019|2019-09-05	2019-09-05	South America / Chile / Region Metropolitana de Santiago	Chile	172Q
EPI_ISL_403600|B/Santiago/80960/2019|2019-09-06	EPI_ISL_403600	EPI_ISL_403600|B/Santiago/80960/2019|2019-09-06	2019-09-06	South America / Chile / Region Metropolitana de Santiago	Chile	172Q
EPI_ISL_403601|B/Santiago/81755/2019|2019-09-06	EPI_ISL_403601	EPI_ISL_403601|B/Santiago/81755/2019|2019-09-06	2019-09-06	South America / Chile / Region Metropolitana de Santiago	Chile	172Q
EPI_ISL_403602|B/Santiago/81757/2019|2019-09-09	EPI_ISL_403602	EPI_ISL_403602|B/Santiago/81757/2019|2019-09-09	2019-09-09	South America / Chile / Region Metropolitana de Santiago	Chile	172Q
EPI_ISL_403603|B/Santiago/81758/2019|2019-09-09	EPI_ISL_403603	EPI_ISL_403603|B/Santiago/81758/2019|2019-09-09	2019-09-09	South America / Chile / Region Metropolitana de Santiago	Chile	172Q
EPI_ISL_403604|B/Vina_Del_Mar/82288/2019|2019-09-01	EPI_ISL_403604	EPI_ISL_403604|B/Vina_Del_Mar/82288/2019|2019-09-01	2019-09-01	South America / Chile / Vina_Del_Mar	Chile	172Q
EPI_ISL_403605|B/Puerto_Montt/82663/2019|2019-09-09	EPI_ISL_403605	EPI_ISL_403605|B/Puerto_Montt/82663/2019|2019-09-09	2019-09-09	South America / Chile / Puerto_Montt	Chile	172Q
EPI_ISL_403606|B/Iquique/82772/2019|2019-08-26	EPI_ISL_403606	EPI_ISL_403606|B/Iquique/82772/2019|2019-08-26	2019-08-26	South America / Chile / Iquique	Chile	172Q
EPI_ISL_403607|B/Iquique/82791/2019|2019-08-24	EPI_ISL_403607	EPI_ISL_403607|B/Iquique/82791/2019|2019-08-24	2019-08-24	South America / Chile / Iquique	Chile	172Q
EPI_ISL_403608|B/Iquique/82798/2019|2019-08-31	EPI_ISL_403608	EPI_ISL_403608|B/Iquique/82798/2019|2019-08-31	2019-08-31	South America / Chile / Iquique	Chile	172Q
EPI_ISL_403609|B/Iquique/82808/2019|2019-09-02	EPI_ISL_403609	EPI_ISL_403609|B/Iquique/82808/2019|2019-09-02	2019-09-02	South America / Chile / Iquique	Chile	172Q
EPI_ISL_403610|B/Iquique/82831/2019|2019-08-24	EPI_ISL_403610	EPI_ISL_403610|B/Iquique/82831/2019|2019-08-24	2019-08-24	South America / Chile / Iquique	Chile	172Q
EPI_ISL_403611|B/Santiago/83037/2019|2019-09-11	EPI_ISL_403611	EPI_ISL_403611|B/Santiago/83037/2019|2019-09-11	2019-09-11	South America / Chile / Region Metropolitana de Santiago	Chile	172Q
EPI_ISL_403612|B/Santiago/83038/2019|2019-09-10	EPI_ISL_403612	EPI_ISL_403612|B/Santiago/83038/2019|2019-09-10	2019-09-10	South America / Chile / Region Metropolitana de Santiago	Chile	172Q
EPI_ISL_403613|B/Santiago/83039/2019|2019-09-11	EPI_ISL_403613	EPI_ISL_403613|B/Santiago/83039/2019|2019-09-11	2019-09-11	South America / Chile / Region Metropolitana de Santiago	Chile	172Q
EPI_ISL_403614|B/Santiago/83642/2019|2019-09-14	EPI_ISL_403614	EPI_ISL_403614|B/Santiago/83642/2019|2019-09-14	2019-09-14	South America / Chile / Region Metropolitana de Santiago	Chile	172Q
EPI_ISL_403615|B/Santiago/84174/2019|2019-09-21	EPI_ISL_403615	EPI_ISL_403615|B/Santiago/84174/2019|2019-09-21	2019-09-21	South America / Chile / Region Metropolitana de Santiago	Chile	172Q
EPI_ISL_403616|B/Santiago/84175/2019|2019-09-18	EPI_ISL_403616	EPI_ISL_403616|B/Santiago/84175/2019|2019-09-18	2019-09-18	South America / Chile / Region Metropolitana de Santiago	Chile	172Q
EPI_ISL_403617|B/Vina_Del_Mar/85465/2019|2019-09-06	EPI_ISL_403617	EPI_ISL_403617|B/Vina_Del_Mar/85465/2019|2019-09-06	2019-09-06	South America / Chile / Vina_Del_Mar	Chile	172Q
EPI_ISL_403618|B/Vina_Del_Mar/85466/2019|2019-09-11	EPI_ISL_403618	EPI_ISL_403618|B/Vina_Del_Mar/85466/2019|2019-09-11	2019-09-11	South America / Chile / Vina_Del_Mar	Chile	172Q
EPI_ISL_403619|B/Puerto_Montt/85840/2019|2019-09-10	EPI_ISL_403619	EPI_ISL_403619|B/Puerto_Montt/85840/2019|2019-09-10	2019-09-10	South America / Chile / Puerto_Montt	Chile	172Q
EPI_ISL_403620|B/Puerto_Montt/85841/2019|2019-09-17	EPI_ISL_403620	EPI_ISL_403620|B/Puerto_Montt/85841/2019|2019-09-17	2019-09-17	South America / Chile / Puerto_Montt	Chile	172Q
EPI_ISL_403621|B/Santiago/85978/2019|2019-09-26	EPI_ISL_403621	EPI_ISL_403621|B/Santiago/85978/2019|2019-09-26	2019-09-26	South America / Chile / Region Metropolitana de Santiago	Chile	172Q
EPI_ISL_403622|B/Santiago/85994/2019|2019-09-15	EPI_ISL_403622	EPI_ISL_403622|B/Santiago/85994/2019|2019-09-15	2019-09-15	South America / Chile / Region Metropolitana de Santiago	Chile	172Q
EPI_ISL_403623|B/Santiago/85997/2019|2019-09-19	EPI_ISL_403623	EPI_ISL_403623|B/Santiago/85997/2019|2019-09-19	2019-09-19	South America / Chile / Region Metropolitana de Santiago	Chile	172Q
EPI_ISL_403624|B/Santiago/86007/2019|2019-09-17	EPI_ISL_403624	EPI_ISL_403624|B/Santiago/86007/2019|2019-09-17	2019-09-17	South America / Chile / Region Metropolitana de Santiago	Chile	172Q
EPI_ISL_403625|B/Concepcion/86681/2019|2019-09-06	EPI_ISL_403625	EPI_ISL_403625|B/Concepcion/86681/2019|2019-09-06	2019-09-06	South America / Chile / Concepcion	Chile	172Q
EPI_ISL_403626|B/Concepcion/86684/2019|2019-09-09	EPI_ISL_403626	EPI_ISL_403626|B/Concepcion/86684/2019|2019-09-09	2019-09-09	South America / Chile / Concepcion	Chile	172Q
EPI_ISL_403627|B/Vina_Del_Mar/87871/2019|2019-09-23	EPI_ISL_403627	EPI_ISL_403627|B/Vina_Del_Mar/87871/2019|2019-09-23	2019-09-23	South America / Chile / Vina_Del_Mar	Chile	172Q
EPI_ISL_403628|B/Santiago/87955/2019|2019-10-01	EPI_ISL_403628	EPI_ISL_403628|B/Santiago/87955/2019|2019-10-01	2019-10-01	South America / Chile / Region Metropolitana de Santiago	Chile	172Q
EPI_ISL_403629|B/Iquique/89116/2019|2019-09-12	EPI_ISL_403629	EPI_ISL_403629|B/Iquique/89116/2019|2019-09-12	2019-09-12	South America / Chile / Iquique	Chile	172Q
EPI_ISL_403630|B/Iquique/89127/2019|2019-09-24	EPI_ISL_403630	EPI_ISL_403630|B/Iquique/89127/2019|2019-09-24	2019-09-24	South America / Chile / Iquique	Chile	172Q
EPI_ISL_403631|B/Iquique/89157/2019|2019-09-15	EPI_ISL_403631	EPI_ISL_403631|B/Iquique/89157/2019|2019-09-15	2019-09-15	South America / Chile / Iquique	Chile	172Q
EPI_ISL_403632|B/Iquique/89158/2019|2019-09-05	EPI_ISL_403632	EPI_ISL_403632|B/Iquique/89158/2019|2019-09-05	2019-09-05	South America / Chile / Iquique	Chile	172Q
EPI_ISL_403633|B/Iquique/89163/2019|2019-09-19	EPI_ISL_403633	EPI_ISL_403633|B/Iquique/89163/2019|2019-09-19	2019-09-19	South America / Chile / Iquique	Chile	172Q
EPI_ISL_403634|B/Iquique/89165/2019|2019-09-20	EPI_ISL_403634	EPI_ISL_403634|B/Iquique/89165/2019|2019-09-20	2019-09-20	South America / Chile / Iquique	Chile	172Q
EPI_ISL_403635|B/Iquique/89185/2019|2019-09-15	EPI_ISL_403635	EPI_ISL_403635|B/Iquique/89185/2019|2019-09-15	2019-09-15	South America / Chile / Iquique	Chile	172Q
EPI_ISL_403636|B/Iquique/89186/2019|2019-09-15	EPI_ISL_403636	EPI_ISL_403636|B/Iquique/89186/2019|2019-09-15	2019-09-15	South America / Chile / Iquique	Chile	172Q
EPI_ISL_403637|B/Iquique/89231/2019|2019-09-09	EPI_ISL_403637	EPI_ISL_403637|B/Iquique/89231/2019|2019-09-09	2019-09-09	South America / Chile / Iquique	Chile	172Q
EPI_ISL_403638|B/Iquique/89232/2019|2019-09-05	EPI_ISL_403638	EPI_ISL_403638|B/Iquique/89232/2019|2019-09-05	2019-09-05	South America / Chile / Iquique	Chile	172Q
EPI_ISL_403639|B/Puerto_Montt/90500/2019|2019-09-25	EPI_ISL_403639	EPI_ISL_403639|B/Puerto_Montt/90500/2019|2019-09-25	2019-09-25	South America / Chile / Puerto_Montt	Chile	172Q
EPI_ISL_403640|B/Concepcion/94233/2019|2019-09-30	EPI_ISL_403640	EPI_ISL_403640|B/Concepcion/94233/2019|2019-09-30	2019-09-30	South America / Chile / Concepcion	Chile	172Q
EPI_ISL_403641|B/Concepcion/94235/2019|2019-10-03	EPI_ISL_403641	EPI_ISL_403641|B/Concepcion/94235/2019|2019-10-03	2019-10-03	South America / Chile / Concepcion	Chile	172Q
EPI_ISL_403642|B/Concepcion/94240/2019|2019-10-09	EPI_ISL_403642	EPI_ISL_403642|B/Concepcion/94240/2019|2019-10-09	2019-10-09	South America / Chile / Concepcion	Chile	172Q
EPI_ISL_403643|B/Concepcion/94268/2019|2019-10-10	EPI_ISL_403643	EPI_ISL_403643|B/Concepcion/94268/2019|2019-10-10	2019-10-10	South America / Chile / Concepcion	Chile	172Q
EPI_ISL_403644|B/Puerto_Montt/95745/2019|2019-10-23	EPI_ISL_403644	EPI_ISL_403644|B/Puerto_Montt/95745/2019|2019-10-23	2019-10-23	South America / Chile / Puerto_Montt	Chile	172Q
EPI_ISL_403645|B/Puerto_Montt/95746/2019|2019-10-23	EPI_ISL_403645	EPI_ISL_403645|B/Puerto_Montt/95746/2019|2019-10-23	2019-10-23	South America / Chile / Puerto_Montt	Chile	172Q
EPI_ISL_403646|B/Iquique/96236/2019|2019-10-14	EPI_ISL_403646	EPI_ISL_403646|B/Iquique/96236/2019|2019-10-14	2019-10-14	South America / Chile / Iquique	Chile	172Q
EPI_ISL_403647|B/Iquique/96279/2019|2019-10-06	EPI_ISL_403647	EPI_ISL_403647|B/Iquique/96279/2019|2019-10-06	2019-10-06	South America / Chile / Iquique	Chile	172Q
EPI_ISL_403648|B/Iquique/96280/2019|2019-10-02	EPI_ISL_403648	EPI_ISL_403648|B/Iquique/96280/2019|2019-10-02	2019-10-02	South America / Chile / Iquique	Chile	172Q
EPI_ISL_403649|B/Santiago/96791/2019|2019-11-06	EPI_ISL_403649	EPI_ISL_403649|B/Santiago/96791/2019|2019-11-06	2019-11-06	South America / Chile / Region Metropolitana de Santiago	Chile	172Q
EPI_ISL_403650|B/Concepcion/98390/2019|2019-10-12	EPI_ISL_403650	EPI_ISL_403650|B/Concepcion/98390/2019|2019-10-12	2019-10-12	South America / Chile / Concepcion	Chile	172Q
EPI_ISL_403651|B/Concepcion/98391/2019|2019-10-30	EPI_ISL_403651	EPI_ISL_403651|B/Concepcion/98391/2019|2019-10-30	2019-10-30	South America / Chile / Concepcion	Chile	172Q
EPI_ISL_403652|B/Santiago/78204/2019|2019-08-28	EPI_ISL_403652	EPI_ISL_403652|B/Santiago/78204/2019|2019-08-28	2019-08-28	South America / Chile / Region Metropolitana de Santiago	Chile	172Q
EPI_ISL_403653|B/Temuco/84887/2019|2019-08-30	EPI_ISL_403653	EPI_ISL_403653|B/Temuco/84887/2019|2019-08-30	2019-08-30	South America / Chile / Temuco	Chile	172Q
EPI_ISL_403654|B/Temuco/84889/2019|2019-09-07	EPI_ISL_403654	EPI_ISL_403654|B/Temuco/84889/2019|2019-09-07	2019-09-07	South America / Chile / Temuco	Chile	172Q
EPI_ISL_403655|B/Santiago/86899/2019|2019-09-28	EPI_ISL_403655	EPI_ISL_403655|B/Santiago/86899/2019|2019-09-28	2019-09-28	South America / Chile / Region Metropolitana de Santiago	Chile	172Q
EPI_ISL_403656|B/Santiago/86900/2019|2019-09-29	EPI_ISL_403656	EPI_ISL_403656|B/Santiago/86900/2019|2019-09-29	2019-09-29	South America / Chile / Region Metropolitana de Santiago	Chile	172Q
EPI_ISL_403657|B/Santiago/90776/2019|2019-10-11	EPI_ISL_403657	EPI_ISL_403657|B/Santiago/90776/2019|2019-10-11	2019-10-11	South America / Chile / Region Metropolitana de Santiago	Chile	172Q
EPI_ISL_404370|B/Nevada/10223/2019|2019-11-21	EPI_ISL_404370	EPI_ISL_404370|B/Nevada/10223/2019|2019-11-21	2019-11-21	North America / United States / Nevada	United States	172Q
EPI_ISL_404398|B/Texas/10251/2019|2019-11-22	EPI_ISL_404398	EPI_ISL_404398|B/Texas/10251/2019|2019-11-22	2019-11-22	North America / United States / Texas	United States	172Q
EPI_ISL_404643|B/Wisconsin/49/2019|2019-12-26	EPI_ISL_404643	EPI_ISL_404643|B/Wisconsin/49/2019|2019-12-26	2019-12-26	North America / United States / Wisconsin	United States	172Q
EPI_ISL_404659|B/Minnesota/29/2019|2019-12-11	EPI_ISL_404659	EPI_ISL_404659|B/Minnesota/29/2019|2019-12-11	2019-12-11	North America / United States / Minnesota	United States	172Q
EPI_ISL_404660|B/Minnesota/30/2019|2019-12-16	EPI_ISL_404660	EPI_ISL_404660|B/Minnesota/30/2019|2019-12-16	2019-12-16	North America / United States / Minnesota	United States	172Q
EPI_ISL_404722|B/Chile/7845/2019|2019-11-06	EPI_ISL_404722	EPI_ISL_404722|B/Chile/7845/2019|2019-11-06	2019-11-06	South America / Chile	Chile	172Q
EPI_ISL_404724|B/Chile/8423/2019|2019-11-09	EPI_ISL_404724	EPI_ISL_404724|B/Chile/8423/2019|2019-11-09	2019-11-09	South America / Chile	Chile	172Q
EPI_ISL_404725|B/Chile/9942/2019|2019-10-28	EPI_ISL_404725	EPI_ISL_404725|B/Chile/9942/2019|2019-10-28	2019-10-28	South America / Chile	Chile	172Q
EPI_ISL_404726|B/Chile/7065/2019|2019-11-11	EPI_ISL_404726	EPI_ISL_404726|B/Chile/7065/2019|2019-11-11	2019-11-11	South America / Chile	Chile	172Q
EPI_ISL_404853|B/Maine/20/2019|2019-12-09	EPI_ISL_404853	EPI_ISL_404853|B/Maine/20/2019|2019-12-09	2019-12-09	North America / United States / Maine	United States	172Q
EPI_ISL_404854|B/Maine/21/2019|2019-12-09	EPI_ISL_404854	EPI_ISL_404854|B/Maine/21/2019|2019-12-09	2019-12-09	North America / United States / Maine	United States	172Q
EPI_ISL_404906|B/California/90/2019|2019-12-27	EPI_ISL_404906	EPI_ISL_404906|B/California/90/2019|2019-12-27	2019-12-27	North America / United States / California	United States	172Q
EPI_ISL_405486|B/California/10360/2019|2019-12-09	EPI_ISL_405486	EPI_ISL_405486|B/California/10360/2019|2019-12-09	2019-12-09	North America / United States / California	United States	172Q
EPI_ISL_405790|B/Virginia/29/2019|2019-12-24	EPI_ISL_405790	EPI_ISL_405790|B/Virginia/29/2019|2019-12-24	2019-12-24	North America / United States / Virginia	United States	172Q
EPI_ISL_406423|B/Norway/3123/2019|2019-12-30	EPI_ISL_406423	EPI_ISL_406423|B/Norway/3123/2019|2019-12-30	2019-12-30	Europe / Norway / Oslo	Norway	172Q
EPI_ISL_407232|B/Finland/164/2019|2019-12-12	EPI_ISL_407232	EPI_ISL_407232|B/Finland/164/2019|2019-12-12	2019-12-12	Europe / Finland	Finland	172Q
EPI_ISL_407277|B/Indonesia/MLG0599/2019|2019	EPI_ISL_407277	EPI_ISL_407277|B/Indonesia/MLG0599/2019|2019	2019	Asia / Indonesia	Indonesia	172Q
EPI_ISL_407278|B/Indonesia/PLK0280/2019|2019	EPI_ISL_407278	EPI_ISL_407278|B/Indonesia/PLK0280/2019|2019	2019	Asia / Indonesia	Indonesia	172Q
EPI_ISL_407279|B/Indonesia/PDG0621/2019|2019	EPI_ISL_407279	EPI_ISL_407279|B/Indonesia/PDG0621/2019|2019	2019	Asia / Indonesia	Indonesia	172Q
EPI_ISL_407280|B/Indonesia/MDN0688/2019|2019	EPI_ISL_407280	EPI_ISL_407280|B/Indonesia/MDN0688/2019|2019	2019	Asia / Indonesia	Indonesia	172Q
EPI_ISL_407281|B/Indonesia/MDN0603/2019|2019	EPI_ISL_407281	EPI_ISL_407281|B/Indonesia/MDN0603/2019|2019	2019	Asia / Indonesia	Indonesia	172Q
EPI_ISL_407285|B/Indonesia/TGR0247/2019|2019	EPI_ISL_407285	EPI_ISL_407285|B/Indonesia/TGR0247/2019|2019	2019	Asia / Indonesia	Indonesia	172Q
EPI_ISL_407531|B/Austria/1199466/2019|2019-11-09	EPI_ISL_407531	EPI_ISL_407531|B/Austria/1199466/2019|2019-11-09	2019-11-09	Europe / Austria	Austria	172Q
EPI_ISL_409273|B/Colombia/7437/2019|2019-12-20	EPI_ISL_409273	EPI_ISL_409273|B/Colombia/7437/2019|2019-12-20	2019-12-20	South America / Colombia	Colombia	172Q
EPI_ISL_409278|B/Minnesota/33/2019|2019-12-28	EPI_ISL_409278	EPI_ISL_409278|B/Minnesota/33/2019|2019-12-28	2019-12-28	North America / United States / Minnesota	United States	172Q
EPI_ISL_409302|B/Indiana/18/2019|2019-12-16	EPI_ISL_409302	EPI_ISL_409302|B/Indiana/18/2019|2019-12-16	2019-12-16	North America / United States / Indiana	United States	172Q
EPI_ISL_409320|B/Arizona/35/2019|2019-12-19	EPI_ISL_409320	EPI_ISL_409320|B/Arizona/35/2019|2019-12-19	2019-12-19	North America / United States / Arizona	United States	172Q
EPI_ISL_409332|B/Maryland/32/2019|2019-12-28	EPI_ISL_409332	EPI_ISL_409332|B/Maryland/32/2019|2019-12-28	2019-12-28	North America / United States / Maryland	United States	172Q
EPI_ISL_409339|B/Georgia/14/2019|2019-10-17	EPI_ISL_409339	EPI_ISL_409339|B/Georgia/14/2019|2019-10-17	2019-10-17	North America / United States / Georgia	United States	172Q
EPI_ISL_409514|B/Osorno/95220/2019|2019-10-16	EPI_ISL_409514	EPI_ISL_409514|B/Osorno/95220/2019|2019-10-16	2019-10-16	South America / Chile	Chile	172Q
EPI_ISL_409531|B/Mexico/2949/2019|2019-11-05	EPI_ISL_409531	EPI_ISL_409531|B/Mexico/2949/2019|2019-11-05	2019-11-05	North America / Mexico	Mexico	172Q
EPI_ISL_409533|B/Mexico/2985/2019|2019-11-11	EPI_ISL_409533	EPI_ISL_409533|B/Mexico/2985/2019|2019-11-11	2019-11-11	North America / Mexico	Mexico	172Q
EPI_ISL_409538|B/Guatemala/332/2019|2019-11-07	EPI_ISL_409538	EPI_ISL_409538|B/Guatemala/332/2019|2019-11-07	2019-11-07	North America / Guatemala	Guatemala	172Q
EPI_ISL_409616|B/Washington/27/2020|2020-01-01	EPI_ISL_409616	EPI_ISL_409616|B/Washington/27/2020|2020-01-01	2020-01-01	North America / United States / Washington	United States	172Q
EPI_ISL_409617|B/California/94/2019|2019-12-21	EPI_ISL_409617	EPI_ISL_409617|B/California/94/2019|2019-12-21	2019-12-21	North America / United States / California	United States	172Q
EPI_ISL_409656|B/Washington/28/2020|2020-01-01	EPI_ISL_409656	EPI_ISL_409656|B/Washington/28/2020|2020-01-01	2020-01-01	North America / United States / Washington	United States	172Q
EPI_ISL_409657|B/Ecuador/1389/2019|2019-09-16	EPI_ISL_409657	EPI_ISL_409657|B/Ecuador/1389/2019|2019-09-16	2019-09-16	South America / Ecuador	Ecuador	172Q
EPI_ISL_409663|B/Concepcion/94271/2019|2019-10-20	EPI_ISL_409663	EPI_ISL_409663|B/Concepcion/94271/2019|2019-10-20	2019-10-20	South America / Chile	Chile	172Q
EPI_ISL_409667|B/Chile/5746/2019|2019-10-23	EPI_ISL_409667	EPI_ISL_409667|B/Chile/5746/2019|2019-10-23	2019-10-23	South America / Chile	Chile	172Q
EPI_ISL_409668|B/Chile/5908/2019|2019-11-04	EPI_ISL_409668	EPI_ISL_409668|B/Chile/5908/2019|2019-11-04	2019-11-04	South America / Chile	Chile	172Q
EPI_ISL_409669|B/Chile/1988/2019|2019-11-24	EPI_ISL_409669	EPI_ISL_409669|B/Chile/1988/2019|2019-11-24	2019-11-24	South America / Chile	Chile	172Q
EPI_ISL_409670|B/Chile/6409/2019|2019-11-06	EPI_ISL_409670	EPI_ISL_409670|B/Chile/6409/2019|2019-11-06	2019-11-06	South America / Chile	Chile	172Q
EPI_ISL_409671|B/Chile/6555/2019|2019-11-05	EPI_ISL_409671	EPI_ISL_409671|B/Chile/6555/2019|2019-11-05	2019-11-05	South America / Chile	Chile	172Q
EPI_ISL_409673|B/Concepcion/94269/2019|2019-10-17	EPI_ISL_409673	EPI_ISL_409673|B/Concepcion/94269/2019|2019-10-17	2019-10-17	South America / Chile	Chile	172Q
EPI_ISL_409842|B/Norway/2966/2019|2019-12-17	EPI_ISL_409842	EPI_ISL_409842|B/Norway/2966/2019|2019-12-17	2019-12-17	Europe / Norway	Norway	172Q
EPI_ISL_409843|B/Norway/2992/2019|2019-12-30	EPI_ISL_409843	EPI_ISL_409843|B/Norway/2992/2019|2019-12-30	2019-12-30	Europe / Norway	Norway	172Q
EPI_ISL_409846|B/Tunis/16025/2019|2019-12-12	EPI_ISL_409846	EPI_ISL_409846|B/Tunis/16025/2019|2019-12-12	2019-12-12	Africa / Tunisia	Tunisia	172Q
EPI_ISL_409847|B/Tunis/16026/2019|2019-12-12	EPI_ISL_409847	EPI_ISL_409847|B/Tunis/16026/2019|2019-12-12	2019-12-12	Africa / Tunisia	Tunisia	172Q
EPI_ISL_409848|B/Tunis/285/2020|2020-01-08	EPI_ISL_409848	EPI_ISL_409848|B/Tunis/285/2020|2020-01-08	2020-01-08	Africa / Tunisia	Tunisia	172Q
EPI_ISL_410129|B/Para/159306-IEC/2019|2019-11-07	EPI_ISL_410129	EPI_ISL_410129|B/Para/159306-IEC/2019|2019-11-07	2019-11-07	South America / Brazil / Estado do Para	Brazil	172Q
EPI_ISL_412018|B/Pays_de_Loire/859/2020|2020-02-04	EPI_ISL_412018	EPI_ISL_412018|B/Pays_de_Loire/859/2020|2020-02-04	2020-02-04	Europe / France / Pays_de_Loire	France	172Q
EPI_ISL_412302|B/Colombia/7241/2019|2019-11-20	EPI_ISL_412302	EPI_ISL_412302|B/Colombia/7241/2019|2019-11-20	2019-11-20	South America / Colombia	Colombia	172Q
EPI_ISL_412373|B/California/13/2020|2020-01-21	EPI_ISL_412373	EPI_ISL_412373|B/California/13/2020|2020-01-21	2020-01-21	North America / United States / California	United States	172Q
EPI_ISL_412374|B/California/14/2020|2020-01-21	EPI_ISL_412374	EPI_ISL_412374|B/California/14/2020|2020-01-21	2020-01-21	North America / United States / California	United States	172Q
EPI_ISL_412375|B/California/10/2020|2020-01-09	EPI_ISL_412375	EPI_ISL_412375|B/California/10/2020|2020-01-09	2020-01-09	North America / United States / California	United States	172Q
EPI_ISL_412955|B/Santiago/75503/2019|2019-08-17	EPI_ISL_412955	EPI_ISL_412955|B/Santiago/75503/2019|2019-08-17	2019-08-17	South America / Chile / Region Metropolitana de Santiago	Chile	172Q
EPI_ISL_412957|B/Santiago/78193/2019|2019-08-29	EPI_ISL_412957	EPI_ISL_412957|B/Santiago/78193/2019|2019-08-29	2019-08-29	South America / Chile / Region Metropolitana de Santiago	Chile	172Q
EPI_ISL_412958|B/Concepcion/78565/2019|2019-08-09	EPI_ISL_412958	EPI_ISL_412958|B/Concepcion/78565/2019|2019-08-09	2019-08-09	South America / Chile / Concepcion	Chile	172Q
EPI_ISL_412959|B/Vina_Del_Mar/79886/2019|2019-08-28	EPI_ISL_412959	EPI_ISL_412959|B/Vina_Del_Mar/79886/2019|2019-08-28	2019-08-28	South America / Chile / Vina_Del_Mar	Chile	172Q
EPI_ISL_412960|B/Vina_Del_Mar/79990/2019|2019-08-23	EPI_ISL_412960	EPI_ISL_412960|B/Vina_Del_Mar/79990/2019|2019-08-23	2019-08-23	South America / Chile / Vina_Del_Mar	Chile	172Q
EPI_ISL_412961|B/Iquique/80168/2019|2019-08-17	EPI_ISL_412961	EPI_ISL_412961|B/Iquique/80168/2019|2019-08-17	2019-08-17	South America / Chile / Iquique	Chile	172Q
EPI_ISL_412962|B/Iquique/82821/2019|2019-08-27	EPI_ISL_412962	EPI_ISL_412962|B/Iquique/82821/2019|2019-08-27	2019-08-27	South America / Chile / Iquique	Chile	172Q
EPI_ISL_412963|B/Santiago/93764/2019|2019-10-22	EPI_ISL_412963	EPI_ISL_412963|B/Santiago/93764/2019|2019-10-22	2019-10-22	South America / Chile / Region Metropolitana de Santiago	Chile	172Q
EPI_ISL_413410|B/Haiti/30492/2019|2019-09-13	EPI_ISL_413410	EPI_ISL_413410|B/Haiti/30492/2019|2019-09-13	2019-09-13	North America / Haiti	Haiti	172Q
EPI_ISL_413411|B/Haiti/30371/2019|2019-09-12	EPI_ISL_413411	EPI_ISL_413411|B/Haiti/30371/2019|2019-09-12	2019-09-12	North America / Haiti	Haiti	172Q
EPI_ISL_413412|B/Haiti/30359/2019|2019-09-12	EPI_ISL_413412	EPI_ISL_413412|B/Haiti/30359/2019|2019-09-12	2019-09-12	North America / Haiti	Haiti	172Q
EPI_ISL_413413|B/Haiti/90114/2019|2019-09-04	EPI_ISL_413413	EPI_ISL_413413|B/Haiti/90114/2019|2019-09-04	2019-09-04	North America / Haiti	Haiti	172Q
EPI_ISL_413824|B/Haiti/30230/2019|2019-08-29	EPI_ISL_413824	EPI_ISL_413824|B/Haiti/30230/2019|2019-08-29	2019-08-29	North America / Haiti	Haiti	172Q
EPI_ISL_413825|B/Haiti/90166/2019|2019-08-26	EPI_ISL_413825	EPI_ISL_413825|B/Haiti/90166/2019|2019-08-26	2019-08-26	North America / Haiti	Haiti	172Q
EPI_ISL_413826|B/Haiti/90163/2019|2019-08-21	EPI_ISL_413826	EPI_ISL_413826|B/Haiti/90163/2019|2019-08-21	2019-08-21	North America / Haiti	Haiti	172Q
EPI_ISL_413827|B/Haiti/70344/2019|2019-08-21	EPI_ISL_413827	EPI_ISL_413827|B/Haiti/70344/2019|2019-08-21	2019-08-21	North America / Haiti	Haiti	172Q
EPI_ISL_413828|B/Haiti/200108/2019|2019-08-14	EPI_ISL_413828	EPI_ISL_413828|B/Haiti/200108/2019|2019-08-14	2019-08-14	North America / Haiti	Haiti	172Q
EPI_ISL_413829|B/Haiti/40515/2019|2019-08-07	EPI_ISL_413829	EPI_ISL_413829|B/Haiti/40515/2019|2019-08-07	2019-08-07	North America / Haiti	Haiti	172Q
EPI_ISL_413830|B/Haiti/40499/2019|2019-08-08	EPI_ISL_413830	EPI_ISL_413830|B/Haiti/40499/2019|2019-08-08	2019-08-08	North America / Haiti	Haiti	172Q
EPI_ISL_413831|B/Haiti/50299/2019|2019-09-02	EPI_ISL_413831	EPI_ISL_413831|B/Haiti/50299/2019|2019-09-02	2019-09-02	North America / Haiti	Haiti	172Q
EPI_ISL_413832|B/Haiti/50298/2019|2019-09-02	EPI_ISL_413832	EPI_ISL_413832|B/Haiti/50298/2019|2019-09-02	2019-09-02	North America / Haiti	Haiti	172Q
EPI_ISL_413833|B/Haiti/50225/2019|2019-10-09	EPI_ISL_413833	EPI_ISL_413833|B/Haiti/50225/2019|2019-10-09	2019-10-09	North America / Haiti	Haiti	172Q
EPI_ISL_413834|B/Haiti/80285/2019|2019-11-06	EPI_ISL_413834	EPI_ISL_413834|B/Haiti/80285/2019|2019-11-06	2019-11-06	North America / Haiti	Haiti	172Q
EPI_ISL_414246|B/Idaho/10960/2020|2020-01-07	EPI_ISL_414246	EPI_ISL_414246|B/Idaho/10960/2020|2020-01-07	2020-01-07	North America / United States / Idaho	United States	172Q
EPI_ISL_415067|B/Spain/11425/2019|2019-12-31	EPI_ISL_415067	EPI_ISL_415067|B/Spain/11425/2019|2019-12-31	2019-12-31	Europe / Spain	Spain	172Q
EPI_ISL_415905|B/Afghanistan/1909/2019|2019-10-09	EPI_ISL_415905	EPI_ISL_415905|B/Afghanistan/1909/2019|2019-10-09	2019-10-09	Asia / Afghanistan	Afghanistan	172Q
EPI_ISL_415996|B/California/17/2020|2020-01-11	EPI_ISL_415996	EPI_ISL_415996|B/California/17/2020|2020-01-11	2020-01-11	North America / United States / California	United States	172Q
EPI_ISL_416052|B/Berlin/5/2020|2020-01-24	EPI_ISL_416052	EPI_ISL_416052|B/Berlin/5/2020|2020-01-24	2020-01-24	Europe / Germany	Germany	172Q
EPI_ISL_418495|B/Tunis/15812/2019|2019-12-08	EPI_ISL_418495	EPI_ISL_418495|B/Tunis/15812/2019|2019-12-08	2019-12-08	Africa / Tunisia	Tunisia	172Q
EPI_ISL_421058|B/Minnesota/14/2020|2020-02-23	EPI_ISL_421058	EPI_ISL_421058|B/Minnesota/14/2020|2020-02-23	2020-02-23	North America / United States / Minnesota	United States	172Q
EPI_ISL_421059|B/Minnesota/15/2020|2020-02-24	EPI_ISL_421059	EPI_ISL_421059|B/Minnesota/15/2020|2020-02-24	2020-02-24	North America / United States / Minnesota	United States	172Q
EPI_ISL_426270|B/Tunis/15474/2019|2019-11-28	EPI_ISL_426270	EPI_ISL_426270|B/Tunis/15474/2019|2019-11-28	2019-11-28	Africa / Tunisia	Tunisia	172Q
EPI_ISL_428238|B/Maryland/14/2020|2020-02-20	EPI_ISL_428238	EPI_ISL_428238|B/Maryland/14/2020|2020-02-20	2020-02-20	North America / United States / Maryland	United States	172Q
EPI_ISL_428239|B/Maryland/13/2020|2020-02-19	EPI_ISL_428239	EPI_ISL_428239|B/Maryland/13/2020|2020-02-19	2020-02-19	North America / United States / Maryland	United States	172Q
EPI_ISL_428242|B/Connecticut/13/2020|2020-02-27	EPI_ISL_428242	EPI_ISL_428242|B/Connecticut/13/2020|2020-02-27	2020-02-27	North America / United States / Connecticut	United States	172Q
EPI_ISL_430780|B/Arizona/12/2020|2020-03-24	EPI_ISL_430780	EPI_ISL_430780|B/Arizona/12/2020|2020-03-24	2020-03-24	North America / United States / Arizona	United States	172Q
EPI_ISL_435333|B/Connecticut/16/2020|2020-03-13	EPI_ISL_435333	EPI_ISL_435333|B/Connecticut/16/2020|2020-03-13	2020-03-13	North America / United States / Connecticut	United States	172Q
EPI_ISL_435818|B/Ontario/RV0016/2020|2019-12-17	EPI_ISL_435818	EPI_ISL_435818|B/Ontario/RV0016/2020|2019-12-17	2019-12-17	North America / Canada / ON	Canada	172Q
EPI_ISL_435847|B/Ontario/RV0147/2020|2019-12-25	EPI_ISL_435847	EPI_ISL_435847|B/Ontario/RV0147/2020|2019-12-25	2019-12-25	North America / Canada / ON	Canada	172Q
EPI_ISL_455504|B/Pays_de_Loire/1150/2020|2020-02-12	EPI_ISL_455504	EPI_ISL_455504|B/Pays_de_Loire/1150/2020|2020-02-12	2020-02-12	Europe / France	France	172Q
EPI_ISL_455952|B/Jamaica/5800/2020|2020-03-13	EPI_ISL_455952	EPI_ISL_455952|B/Jamaica/5800/2020|2020-03-13	2020-03-13	North America / Jamaica	Jamaica	172Q
EPI_ISL_462622|B/Peru/110858119/2019|2019-11-11	EPI_ISL_462622	EPI_ISL_462622|B/Peru/110858119/2019|2019-11-11	2019-11-11	South America / Peru	Peru	172Q
EPI_ISL_462634|B/Ontario/RV0016/2019|2019-12-17	EPI_ISL_462634	EPI_ISL_462634|B/Ontario/RV0016/2019|2019-12-17	2019-12-17	North America / Canada	Canada	172Q
EPI_ISL_471017|B/England/200240762/2019|2019-12-17	EPI_ISL_471017	EPI_ISL_471017|B/England/200240762/2019|2019-12-17	2019-12-17	Europe / United Kingdom / LEICESTER	United Kingdom	172Q
EPI_ISL_471657|B/Trinidad/6877/2020|2020-02-23	EPI_ISL_471657	EPI_ISL_471657|B/Trinidad/6877/2020|2020-02-23	2020-02-23	North America / Trinidad and Tobago	Trinidad and Tobago	172Q
EPI_ISL_471658|B/Trinidad/6945/2020|2020-03-03	EPI_ISL_471658	EPI_ISL_471658|B/Trinidad/6945/2020|2020-03-03	2020-03-03	North America / Trinidad and Tobago	Trinidad and Tobago	172Q
EPI_ISL_471661|B/Trinidad/7321/2020|2020-03-18	EPI_ISL_471661	EPI_ISL_471661|B/Trinidad/7321/2020|2020-03-18	2020-03-18	North America / Trinidad and Tobago	Trinidad and Tobago	172Q
EPI_ISL_476798|B/Victoria/27/2020|2020-03-10	EPI_ISL_476798	EPI_ISL_476798|B/Victoria/27/2020|2020-03-10	2020-03-10	Oceania / Australia / Victoria / Prahan	Australia	172Q
EPI_ISL_491868|B/Haiti/60052/2019|2019-08-12	EPI_ISL_491868	EPI_ISL_491868|B/Haiti/60052/2019|2019-08-12	2019-08-12	North America / Haiti	Haiti	172Q
EPI_ISL_491871|B/Haiti/90101/2019|2019-08-13	EPI_ISL_491871	EPI_ISL_491871|B/Haiti/90101/2019|2019-08-13	2019-08-13	North America / Haiti	Haiti	172Q
EPI_ISL_491875|B/Haiti/60154/2019|2019-09-10	EPI_ISL_491875	EPI_ISL_491875|B/Haiti/60154/2019|2019-09-10	2019-09-10	North America / Haiti	Haiti	172Q
EPI_ISL_491878|B/Haiti/30493/2019|2019-09-12	EPI_ISL_491878	EPI_ISL_491878|B/Haiti/30493/2019|2019-09-12	2019-09-12	North America / Haiti	Haiti	172Q
EPI_ISL_491898|B/Haiti/50003/2019|2019-11-13	EPI_ISL_491898	EPI_ISL_491898|B/Haiti/50003/2019|2019-11-13	2019-11-13	North America / Haiti	Haiti	172Q
EPI_ISL_493067|B/Argentina/2845/2019|2019-11-15	EPI_ISL_493067	EPI_ISL_493067|B/Argentina/2845/2019|2019-11-15	2019-11-15	South America / Argentina	Argentina	172Q
EPI_ISL_497922|B/Novosibirsk/RII-26927S/2020|2020-02-29	EPI_ISL_497922	EPI_ISL_497922|B/Novosibirsk/RII-26927S/2020|2020-02-29	2020-02-29	Europe / Russian Federation / Novosibirsk Oblast / Novosibirsk	Russian Federation	172Q
EPI_ISL_499068|B/Concepcion/6885/2020|2020-01-08	EPI_ISL_499068	EPI_ISL_499068|B/Concepcion/6885/2020|2020-01-08	2020-01-08	South America / Chile	Chile	172Q
EPI_ISL_499072|B/Santiago/7000/2020|2020-01-16	EPI_ISL_499072	EPI_ISL_499072|B/Santiago/7000/2020|2020-01-16	2020-01-16	South America / Chile	Chile	172Q
EPI_ISL_499074|B/Santiago/11914/2020|2020-02-08	EPI_ISL_499074	EPI_ISL_499074|B/Santiago/11914/2020|2020-02-08	2020-02-08	South America / Chile	Chile	172Q
EPI_ISL_500491|B/YAMANASHI/19411/2019|2019-12-09	EPI_ISL_500491	EPI_ISL_500491|B/YAMANASHI/19411/2019|2019-12-09	2019-12-09	Asia / Japan	Japan	172Q
EPI_ISL_500499|B/NIIGATA/468/2020|2020-03-06	EPI_ISL_500499	EPI_ISL_500499|B/NIIGATA/468/2020|2020-03-06	2020-03-06	Asia / Japan	Japan	172Q
EPI_ISL_515480|B/Bretagne/118/2020|2020-01-08	EPI_ISL_515480	EPI_ISL_515480|B/Bretagne/118/2020|2020-01-08	2020-01-08	Europe / France / Bretagne	France	172Q
EPI_ISL_515483|B/Pays_de_Loire/346/2020|2020-01-21	EPI_ISL_515483	EPI_ISL_515483|B/Pays_de_Loire/346/2020|2020-01-21	2020-01-21	Europe / France / Pays_de_Loire	France	172Q
EPI_ISL_527322|B/Norway/993/2020|2020-02-11	EPI_ISL_527322	EPI_ISL_527322|B/Norway/993/2020|2020-02-11	2020-02-11	Europe / Norway	Norway	172Q
EPI_ISL_528913|B/Honduras/6985/2020|2020-03-18	EPI_ISL_528913	EPI_ISL_528913|B/Honduras/6985/2020|2020-03-18	2020-03-18	North America / Honduras	Honduras	172Q
EPI_ISL_684056|B/Lyon/1573/2020|2020-02-25	EPI_ISL_684056	EPI_ISL_684056|B/Lyon/1573/2020|2020-02-25	2020-02-25	Europe / France	France	172Q
EPI_ISL_684057|B/Lyon/1778/2020|2020-03-12	EPI_ISL_684057	EPI_ISL_684057|B/Lyon/1778/2020|2020-03-12	2020-03-12	Europe / France	France	172Q
EPI_ISL_732300|B/Tunisia/2254/2020|2020-02-17	EPI_ISL_732300	EPI_ISL_732300|B/Tunisia/2254/2020|2020-02-17	2020-02-17	Africa / Tunisia	Tunisia	172Q
EPI_ISL_732301|B/Tunisia/1088/2020|2020-01-24	EPI_ISL_732301	EPI_ISL_732301|B/Tunisia/1088/2020|2020-01-24	2020-01-24	Africa / Tunisia	Tunisia	172Q
